fetched_at_utc,symbol,price_etb,change_pct
2026-09-23T18:57:14+00:00,IBMM,13.0,0.0
2026-09-23T18:57:14+00:00,WGBX,1146.63,-1.84
2026-09-23T18:57:14+00:00,GDAB,1042.67,0.0
2026-09-23T18:57:14+00:00,TELE,439.74,-1.75
2026-09-23T18:57:14+00:00,AWAB,2381.22,1.41
2026-09-23T18:57:14+00:00,ABAYB,1250.0,1.2
2026-09-23T18:57:14+00:00,BOAX,1709.65,-0.43
2026-09-23T18:57:14+00:00,SIDAX,1000.0,0.0
2026-09-24T07:09:36+00:00,IBMM,13.0,0.0
2026-09-24T07:09:36+00:00,WGBX,1146.63,0.0
2026-09-24T07:09:36+00:00,GDAB,1042.67,0.0
2026-09-24T07:09:36+00:00,TELE,433.0,-1.53
2026-09-24T07:09:36+00:00,AWAB,2395.0,0.58
2026-09-24T07:09:36+00:00,ABAYB,1250.0,0.0
2026-09-24T07:09:36+00:00,BOAX,1799.0,5.23
2026-09-24T07:09:36+00:00,SIDAX,1000.0,0.0
2026-09-24T09:42:04+00:00,IBMM,13.0,0.0
2026-09-24T09:42:04+00:00,WGBX,1180.0,2.91
2026-09-24T09:42:04+00:00,GDAB,1195.0,14.61
2026-09-24T09:42:04+00:00,TELE,440.0,0.06
2026-09-24T09:42:04+00:00,AWAB,2380.0,-0.05
2026-09-24T09:42:04+00:00,ABAYB,1300.0,4.0
2026-09-24T09:42:04+00:00,BOAX,1799.0,5.23
2026-09-24T09:42:04+00:00,SIDAX,1000.0,0.0
2026-09-24T11:12:42+00:00,IBMM,13.0,0.0
2026-09-24T11:12:42+00:00,WGBX,1180.0,2.91
2026-09-24T11:12:42+00:00,GDAB,1195.0,14.61
2026-09-24T11:12:42+00:00,TELE,440.0,0.06
2026-09-24T11:12:42+00:00,AWAB,2380.0,-0.05
2026-09-24T11:12:42+00:00,ABAYB,1300.0,4.0
2026-09-24T11:12:42+00:00,BOAX,1720.0,0.61
2026-09-24T11:12:42+00:00,SIDAX,1000.0,0.0
2026-09-24T12:46:13+00:00,IBMM,13.0,0.0
2026-09-24T12:46:13+00:00,WGBX,1141.61,-0.44
2026-09-24T12:46:13+00:00,GDAB,1197.5,14.85
2026-09-24T12:46:13+00:00,TELE,432.76,-1.59
2026-09-24T12:46:13+00:00,AWAB,2325.44,-2.34
2026-09-24T12:46:13+00:00,ABAYB,1258.6,0.69
2026-09-24T12:46:13+00:00,BOAX,1731.07,1.25
2026-09-24T12:46:13+00:00,SIDAX,1000.0,0.0
2026-09-24T13:11:45+00:00,IBMM,13.0,0.0
2026-09-24T13:11:45+00:00,WGBX,1141.61,-0.44
2026-09-24T13:11:45+00:00,GDAB,1197.5,14.85
2026-09-24T13:11:45+00:00,TELE,432.76,-1.59
2026-09-24T13:11:45+00:00,AWAB,2325.44,-2.34
2026-09-24T13:11:45+00:00,ABAYB,1258.6,0.69
2026-09-24T13:11:45+00:00,BOAX,1731.07,1.25
2026-09-24T13:34:47+00:00,IBMM,13.0,0.0
2026-09-24T13:34:47+00:00,WGBX,1141.61,-0.44
2026-09-24T13:34:47+00:00,GDAB,1197.5,14.85
2026-09-24T13:34:47+00:00,TELE,432.76,-1.59
2026-09-24T13:34:47+00:00,AWAB,2325.44,-2.34
2026-09-24T13:34:47+00:00,ABAYB,1258.6,0.69
2026-09-24T13:34:47+00:00,BOAX,1731.07,1.25
2026-09-24T13:36:19+00:00,IBMM,13.0,0.0
2026-09-24T13:36:19+00:00,WGBX,1141.61,-0.44
2026-09-24T13:36:19+00:00,GDAB,1197.5,14.85
2026-09-24T13:36:19+00:00,TELE,432.76,-1.59
2026-09-24T13:36:19+00:00,AWAB,2325.44,-2.34
2026-09-24T13:36:19+00:00,ABAYB,1258.6,0.69
2026-09-24T13:36:19+00:00,BOAX,1731.07,1.25
2026-09-25T06:00:19+00:00,IBMM,13.0,0.0
2026-09-25T06:00:19+00:00,WGBX,1141.61,-0.44
2026-09-25T06:00:19+00:00,GDAB,1197.5,14.85
2026-09-25T06:00:19+00:00,TELE,432.76,-1.59
2026-09-25T06:00:19+00:00,AWAB,2325.44,-2.34
2026-09-25T06:00:19+00:00,ABAYB,1258.6,0.69
2026-09-25T06:00:19+00:00,BOAX,1731.07,1.25
2026-09-25T06:15:14+00:00,IBMM,13.0,0.0
2026-09-25T06:15:14+00:00,WGBX,1141.61,-0.44
2026-09-25T06:15:14+00:00,GDAB,1197.5,14.85
2026-09-25T06:15:14+00:00,TELE,432.76,-1.59
2026-09-25T06:15:14+00:00,AWAB,2325.44,-2.34
2026-09-25T06:15:14+00:00,ABAYB,1258.6,0.69
2026-09-25T06:15:14+00:00,BOAX,1731.07,1.25
2026-09-25T06:30:16+00:00,IBMM,13.0,0.0
2026-09-25T06:35:13+00:00,IBMM,13.0,0.0
2026-09-25T06:45:14+00:00,IBMM,13.0,0.0
2026-09-25T06:45:14+00:00,WGBX,1141.61,0.0
2026-09-25T06:45:14+00:00,GDAB,1197.5,0.0
2026-09-25T06:45:14+00:00,TELE,450.0,3.98
2026-09-25T06:45:14+00:00,AWAB,2300.0,-1.09
2026-09-25T06:45:14+00:00,ABAYB,1258.6,0.0
2026-09-25T06:45:14+00:00,BOAX,1731.07,0.0
2026-09-25T07:00:20+00:00,IBMM,13.0,0.0
2026-09-25T07:00:20+00:00,WGBX,1141.61,0.0
2026-09-25T07:00:20+00:00,GDAB,1197.5,0.0
2026-09-25T07:00:20+00:00,TELE,450.0,3.98
2026-09-25T07:00:20+00:00,AWAB,2250.0,-3.24
2026-09-25T07:00:20+00:00,ABAYB,1258.6,0.0
2026-09-25T07:00:20+00:00,BOAX,1731.07,0.0
2026-09-25T08:00:22+00:00,IBMM,13.0,0.0
2026-09-25T08:00:22+00:00,WGBX,1141.61,0.0
2026-09-25T08:00:22+00:00,GDAB,1197.5,0.0
2026-09-25T08:00:22+00:00,TELE,450.0,3.98
2026-09-25T08:00:22+00:00,AWAB,2250.0,-3.24
2026-09-25T08:00:22+00:00,ABAYB,1258.6,0.0
2026-09-25T08:00:22+00:00,BOAX,1715.0,-0.93
2026-09-25T10:00:15+00:00,IBMM,13.0,0.0
2026-09-25T10:00:15+00:00,WGBX,1141.61,0.0
2026-09-25T10:00:15+00:00,GDAB,1000.0,-16.49
2026-09-25T10:00:15+00:00,TELE,450.0,3.98
2026-09-25T10:00:15+00:00,AWAB,2360.0,1.49
2026-09-25T10:00:15+00:00,ABAYB,1258.6,0.0
2026-09-25T10:00:15+00:00,BOAX,1715.0,-0.93
2026-09-25T11:00:15+00:00,IBMM,13.0,0.0
2026-09-25T11:00:15+00:00,WGBX,1141.61,0.0
2026-09-25T11:00:15+00:00,GDAB,1000.0,-16.49
2026-09-25T11:00:15+00:00,TELE,443.0,2.37
2026-09-25T11:00:15+00:00,AWAB,2360.0,1.49
2026-09-25T11:00:15+00:00,ABAYB,1258.6,0.0
2026-09-25T11:00:15+00:00,BOAX,1715.0,-0.93
2026-09-25T12:00:18+00:00,IBMM,13.0,0.0
2026-09-25T12:00:18+00:00,WGBX,1141.61,0.0
2026-09-25T12:00:18+00:00,GDAB,1000.0,-16.49
2026-09-25T12:00:18+00:00,TELE,440.0,1.67
2026-09-25T12:00:18+00:00,AWAB,2350.0,1.06
2026-09-25T12:00:18+00:00,ABAYB,1258.6,0.0
2026-09-25T12:00:18+00:00,BOAX,1715.0,-0.93
2026-09-25T12:47:29+00:00,IBMM,13.0,0.0
2026-09-25T12:47:29+00:00,WGBX,1141.61,0.0
2026-09-25T12:47:29+00:00,GDAB,1082.5,-9.6
2026-09-25T12:47:29+00:00,TELE,442.9,2.34
2026-09-25T12:47:29+00:00,AWAB,2307.1,-0.79
2026-09-25T12:47:29+00:00,ABAYB,1258.6,0.0
2026-09-25T12:47:29+00:00,BOAX,1720.38,-0.62
2026-09-28T06:00:18+00:00,IBMM,13.0,0.0
2026-09-28T06:00:18+00:00,WGBX,1141.61,0.0
2026-09-28T06:00:18+00:00,GDAB,1082.5,-9.6
2026-09-28T06:00:18+00:00,TELE,442.9,2.34
2026-09-28T06:00:18+00:00,AWAB,2307.1,-0.79
2026-09-28T06:00:18+00:00,ABAYB,1258.6,0.0
2026-09-28T06:00:18+00:00,BOAX,1720.38,-0.62
2026-09-28T06:15:17+00:00,IBMM,13.0,0.0
2026-09-28T06:15:17+00:00,WGBX,1141.61,0.0
2026-09-28T06:15:17+00:00,GDAB,1082.5,-9.6
2026-09-28T06:15:17+00:00,TELE,442.9,2.34
2026-09-28T06:15:17+00:00,AWAB,2307.1,-0.79
2026-09-28T06:15:17+00:00,ABAYB,1258.6,0.0
2026-09-28T06:15:17+00:00,BOAX,1720.38,-0.62
2026-09-28T06:30:14+00:00,IBMM,13.0,0.0
2026-09-28T06:35:14+00:00,IBMM,13.0,0.0
2026-09-28T06:45:14+00:00,IBMM,13.0,0.0
2026-09-28T06:45:14+00:00,WGBX,1141.61,0.0
2026-09-28T06:45:14+00:00,GDAB,1082.5,0.0
2026-09-28T06:45:14+00:00,TELE,449.0,1.38
2026-09-28T06:45:14+00:00,AWAB,2307.1,0.0
2026-09-28T06:45:14+00:00,ABAYB,1300.0,3.29
2026-09-28T06:45:14+00:00,BOAX,1751.0,1.78
2026-09-28T07:00:23+00:00,IBMM,13.0,0.0
2026-09-28T07:00:23+00:00,WGBX,1141.61,0.0
2026-09-28T07:00:23+00:00,GDAB,1082.5,0.0
2026-09-28T07:00:23+00:00,TELE,449.0,1.38
2026-09-28T07:00:23+00:00,AWAB,2307.1,0.0
2026-09-28T07:00:23+00:00,ABAYB,1300.0,3.29
2026-09-28T07:00:23+00:00,BOAX,1751.0,1.78
2026-09-28T08:00:20+00:00,IBMM,13.0,0.0
2026-09-28T08:00:20+00:00,WGBX,1141.61,0.0
2026-09-28T08:00:20+00:00,GDAB,1082.5,0.0
2026-09-28T08:00:20+00:00,TELE,449.0,1.38
2026-09-28T08:00:20+00:00,AWAB,2350.0,1.86
2026-09-28T08:00:20+00:00,ABAYB,1226.0,-2.59
2026-09-28T08:00:20+00:00,BOAX,1751.0,1.78
2026-09-28T08:00:20+00:00,SIDAX,1300.0,30.0
2026-09-28T09:00:22+00:00,IBMM,13.0,0.0
2026-09-28T09:00:22+00:00,WGBX,1141.61,0.0
2026-09-28T09:00:22+00:00,GDAB,1003.0,-7.34
2026-09-28T09:00:22+00:00,TELE,449.0,1.38
2026-09-28T09:00:22+00:00,AWAB,2399.0,3.98
2026-09-28T09:00:22+00:00,ABAYB,1226.0,-2.59
2026-09-28T09:00:22+00:00,BOAX,1798.0,4.51
2026-09-28T09:00:22+00:00,SIDAX,1300.0,30.0
2026-09-28T11:00:19+00:00,IBMM,13.0,0.0
2026-09-28T11:00:19+00:00,WGBX,1141.61,0.0
2026-09-28T11:00:19+00:00,GDAB,1001.0,-7.53
2026-09-28T11:00:19+00:00,TELE,460.0,3.86
2026-09-28T11:00:19+00:00,AWAB,2379.0,3.12
2026-09-28T11:00:19+00:00,ABAYB,1226.0,-2.59
2026-09-28T11:00:19+00:00,BOAX,1798.0,4.51
2026-09-28T11:00:19+00:00,SIDAX,1300.0,30.0
2026-09-28T12:00:19+00:00,IBMM,13.0,0.0
2026-09-28T12:00:19+00:00,WGBX,1141.61,0.0
2026-09-28T12:00:19+00:00,GDAB,1001.0,-7.53
2026-09-28T12:00:19+00:00,TELE,455.0,2.73
2026-09-28T12:00:19+00:00,AWAB,2374.0,2.9
2026-09-28T12:00:19+00:00,ABAYB,1226.0,-2.59
2026-09-28T12:00:19+00:00,BOAX,1798.0,4.51
2026-09-28T12:00:19+00:00,SIDAX,1300.0,30.0
2026-09-28T12:45:16+00:00,IBMM,13.0,0.0
2026-09-28T12:45:16+00:00,WGBX,1141.61,0.0
2026-09-28T12:45:16+00:00,GDAB,1003.01,-7.34
2026-09-28T12:45:16+00:00,TELE,452.66,2.2
2026-09-28T12:45:16+00:00,AWAB,2367.68,2.63
2026-09-28T12:45:16+00:00,ABAYB,1228.06,-2.43
2026-09-28T12:45:16+00:00,BOAX,1752.56,1.87
2026-09-28T12:45:16+00:00,SIDAX,1300.0,30.0
2026-09-29T06:00:24+00:00,IBMM,13.0,0.0
2026-09-29T06:00:24+00:00,WGBX,1141.61,0.0
2026-09-29T06:00:24+00:00,GDAB,1003.01,-7.34
2026-09-29T06:00:24+00:00,TELE,452.66,2.2
2026-09-29T06:00:24+00:00,AWAB,2367.68,2.63
2026-09-29T06:00:24+00:00,ABAYB,1228.06,-2.43
2026-09-29T06:00:24+00:00,BOAX,1752.56,1.87
2026-09-29T06:00:24+00:00,SIDAX,1300.0,30.0
2026-09-29T06:15:20+00:00,IBMM,13.0,0.0
2026-09-29T06:15:20+00:00,WGBX,1141.61,0.0
2026-09-29T06:15:20+00:00,GDAB,1003.01,-7.34
2026-09-29T06:15:20+00:00,TELE,452.66,2.2
2026-09-29T06:15:20+00:00,AWAB,2367.68,2.63
2026-09-29T06:15:20+00:00,ABAYB,1228.06,-2.43
2026-09-29T06:15:20+00:00,BOAX,1752.56,1.87
2026-09-29T06:15:20+00:00,SIDAX,1300.0,30.0
2026-09-29T06:30:16+00:00,IBMM,13.0,0.0
2026-09-29T06:35:15+00:00,IBMM,13.0,0.0
2026-09-29T06:45:16+00:00,IBMM,13.0,0.0
2026-09-29T06:45:16+00:00,WGBX,1141.61,0.0
2026-09-29T06:45:16+00:00,GDAB,1003.01,0.0
2026-09-29T06:45:16+00:00,TELE,452.66,0.0
2026-09-29T06:45:16+00:00,AWAB,2367.68,0.0
2026-09-29T06:45:16+00:00,ABAYB,1228.06,0.0
2026-09-29T06:45:16+00:00,BOAX,1752.56,0.0
2026-09-29T06:45:16+00:00,SIDAX,1300.0,0.0
2026-09-29T07:00:24+00:00,IBMM,13.0,0.0
2026-09-29T07:00:24+00:00,WGBX,1141.61,0.0
2026-09-29T07:00:24+00:00,GDAB,1003.01,0.0
2026-09-29T07:00:24+00:00,TELE,459.0,1.4
2026-09-29T07:00:24+00:00,AWAB,2367.68,0.0
2026-09-29T07:00:24+00:00,ABAYB,1228.06,0.0
2026-09-29T07:00:24+00:00,BOAX,1760.0,0.42
2026-09-29T07:00:24+00:00,SIDAX,1300.0,0.0
